{"initial_reset_timestamp": 1596809125.6934402, "episode_types": ["t", "t", "t", "t", "t", "t", "t", "t", "t", "t", "t", "t", "t", "t", "t", "t", "t", "t", "t", "t", "t", "t", "t", "t", "t", "t", "t", "t", "t", "t", "t", "t", "t", "t", "t", "t", "t", "t", "t", "t", "t", "t", "t", "t", "t", "t", "t", "t", "t", "t"], "episode_rewards": [-1025.3981094522505, -1807.8809345997656, -1061.4833323889588, -1755.8131102271097, -1535.58455929285, -1671.4761106606854, -1510.647509655222, -1504.8300603780283, -1352.7645070488097, -1357.0134224345047, -1214.043671826395, -1344.0548535363318, -1233.6468354025178, -1201.552294426415, -1362.159094540213, -1505.7863852266323, -1318.0397938746141, -1265.928545143503, -1374.7710812562466, -1368.2550182654975, -1350.1812181557318, -1278.1857166701714, -1389.378890196038, -1382.5146605415898, -1234.6482199278785, -1156.4801219940887, -1330.1129793866317, -1475.9485389271745, -1476.566537600007, -1510.2677291262976, -1368.4246692578668, -1494.3095411891227, -1241.9836130866495, -1237.535057094831, -1180.686622675418, -1407.8246042550043, -1139.0498281569312, -1315.7692483423516, -1312.3730620768235, -1459.2450529132584, -1139.9267258408001, -1426.0569567318687, -1100.7604722550184, -1203.465615497359, -969.3219424943132, -960.962193017089, -1104.8068100047078, -1019.4385800799441, -1506.7361208669902, -524.8277890917999], "episode_lengths": [200, 200, 200, 200, 200, 200, 200, 200, 200, 200, 200, 200, 200, 200, 200, 200, 200, 200, 200, 200, 200, 200, 200, 200, 200, 200, 200, 200, 200, 200, 200, 200, 200, 200, 200, 200, 200, 200, 200, 200, 200, 200, 200, 200, 200, 200, 200, 200, 200, 200], "timestamps": [1596809127.0303276, 1596809128.5275097, 1596809130.014773, 1596809131.4807048, 1596809132.9479482, 1596809134.410356, 1596809135.9970703, 1596809137.5389493, 1596809139.018291, 1596809140.5367758, 1596809142.0696704, 1596809143.5592468, 1596809145.0781898, 1596809146.542074, 1596809148.0061994, 1596809149.4692886, 1596809150.9705837, 1596809152.513459, 1596809154.1022122, 1596809155.5986016, 1596809157.1037512, 1596809158.6187024, 1596809160.1885064, 1596809161.6841726, 1596809163.1582932, 1596809164.6919923, 1596809166.2089734, 1596809167.6766326, 1596809169.2102532, 1596809170.6970954, 1596809172.1594458, 1596809173.6185465, 1596809175.0792768, 1596809176.542796, 1596809178.0292804, 1596809179.5112722, 1596809180.9643881, 1596809182.4204965, 1596809183.8845825, 1596809185.3421414, 1596809186.8130958, 1596809188.3110626, 1596809189.8195038, 1596809191.3304145, 1596809192.86445, 1596809194.3924162, 1596809195.9197147, 1596809197.4393692, 1596809198.985237, 1596809200.5011806]}